{"cameraMode":{"drawMode":0,"name":"Shaded","section":"Shading Mode"},"sceneLighting":true,"audioPlay":false,"sceneViewState":{"m_AlwaysRefresh":false,"showFog":true,"showSkybox":false,"showFlares":true,"showImageEffects":true,"showParticleSystems":true,"showVisualEffectGraphs":true,"m_FxEnabled":true},"in2DMode":false,"pivot":{"x":-0.2825514078140259,"y":1.6203078031539918,"z":1.0477006435394288},"rotation":{"x":-0.09125925600528717,"y":0.2008262276649475,"z":-0.01879364624619484,"w":-0.975185751914978},"size":2.3256895542144777,"orthographic":false}