{"cameraMode":{"drawMode":0,"name":"Shaded","section":"Shading Mode"},"sceneLighting":true,"audioPlay":false,"sceneViewState":{"m_AlwaysRefresh":false,"showFog":true,"showSkybox":false,"showFlares":true,"showImageEffects":true,"showParticleSystems":true,"showVisualEffectGraphs":true,"m_FxEnabled":true},"in2DMode":false,"pivot":{"x":0.09890937805175781,"y":4.270648956298828,"z":48.48082733154297},"rotation":{"x":-0.0010811482788994909,"y":-0.6931841969490051,"z":-0.0010397661244496704,"w":0.7207596302032471},"size":3.550957202911377,"orthographic":false}