{"cameraMode":{"drawMode":0,"name":"Shaded","section":"Shading Mode"},"sceneLighting":false,"audioPlay":false,"sceneViewState":{"m_AlwaysRefresh":false,"showFog":true,"showSkybox":false,"showFlares":true,"showImageEffects":true,"showParticleSystems":true,"showVisualEffectGraphs":true,"m_FxEnabled":true},"in2DMode":false,"pivot":{"x":-0.4272136688232422,"y":2.1317529678344728,"z":-18.281593322753908},"rotation":{"x":0.11608542501926422,"y":-0.6851752400398254,"z":0.11197949945926666,"w":0.7102964520454407},"size":9.180068969726563,"orthographic":false}