{"cameraMode":{"drawMode":0,"name":"Shaded","section":"Shading Mode"},"sceneLighting":false,"audioPlay":false,"sceneViewState":{"m_AlwaysRefresh":false,"showFog":true,"showSkybox":false,"showFlares":true,"showImageEffects":true,"showParticleSystems":true,"showVisualEffectGraphs":true,"m_FxEnabled":true},"in2DMode":false,"pivot":{"x":-0.47365713119506838,"y":1.4089813232421876,"z":-22.50588607788086},"rotation":{"x":0.10431352257728577,"y":-0.5224547386169434,"z":0.06458824872970581,"w":0.8437954187393189},"size":3.6273179054260256,"orthographic":false}