{"cameraMode":{"drawMode":0,"name":"Shaded","section":"Shading Mode"},"sceneLighting":true,"audioPlay":false,"sceneViewState":{"m_AlwaysRefresh":false,"showFog":true,"showSkybox":false,"showFlares":true,"showImageEffects":true,"showParticleSystems":true,"showVisualEffectGraphs":true,"m_FxEnabled":true},"in2DMode":false,"pivot":{"x":31.435903549194337,"y":19.13875389099121,"z":187.37594604492188},"rotation":{"x":-0.021435309201478959,"y":0.7065689563751221,"z":-0.02142251655459404,"w":-0.7069949507713318},"size":1.3758459091186524,"orthographic":false}