{"cameraMode":{"drawMode":0,"name":"Shaded","section":"Shading Mode"},"sceneLighting":false,"audioPlay":false,"sceneViewState":{"m_AlwaysRefresh":false,"showFog":true,"showSkybox":false,"showFlares":true,"showImageEffects":true,"showParticleSystems":true,"showVisualEffectGraphs":true,"m_FxEnabled":true},"in2DMode":false,"pivot":{"x":22.651748657226564,"y":-12.262855529785157,"z":151.64788818359376},"rotation":{"x":0.12519057095050813,"y":0.353267639875412,"z":-0.047766271978616717,"w":0.9258767366409302},"size":80.00978088378906,"orthographic":false}