{"cameraMode":{"drawMode":0,"name":"Shaded","section":"Shading Mode"},"sceneLighting":false,"audioPlay":false,"sceneViewState":{"m_AlwaysRefresh":false,"showFog":true,"showSkybox":false,"showFlares":true,"showImageEffects":true,"showParticleSystems":true,"showVisualEffectGraphs":true,"m_FxEnabled":true},"in2DMode":false,"pivot":{"x":-49.236961364746097,"y":-14.85943603515625,"z":111.88117980957031},"rotation":{"x":0.14926990866661073,"y":-0.5107909440994263,"z":0.09057542681694031,"w":0.8417894244194031},"size":52.184391021728519,"orthographic":false}