{"cameraMode":{"drawMode":0,"name":"Shaded","section":"Shading Mode"},"sceneLighting":false,"audioPlay":false,"sceneViewState":{"m_AlwaysRefresh":false,"showFog":true,"showSkybox":false,"showFlares":true,"showImageEffects":true,"showParticleSystems":true,"showVisualEffectGraphs":true,"m_FxEnabled":true},"in2DMode":false,"pivot":{"x":-122.78562927246094,"y":-62.374412536621097,"z":124.71357727050781},"rotation":{"x":0.18926046788692475,"y":-0.503923773765564,"z":0.11422156542539597,"w":0.8349819779396057},"size":116.51229858398438,"orthographic":false}