{"cameraMode":{"drawMode":0,"name":"Shaded","section":"Shading Mode"},"sceneLighting":false,"audioPlay":false,"sceneViewState":{"m_AlwaysRefresh":false,"showFog":true,"showSkybox":false,"showFlares":true,"showImageEffects":true,"showParticleSystems":true,"showVisualEffectGraphs":true,"m_FxEnabled":true},"in2DMode":false,"pivot":{"x":-0.38162538409233096,"y":0.2186802625656128,"z":46.555320739746097},"rotation":{"x":0.05246908962726593,"y":-0.015876177698373796,"z":0.000834411708638072,"w":0.9984974265098572},"size":3.8886961936950685,"orthographic":false}