{"cameraMode":{"drawMode":0,"name":"Shaded","section":"Shading Mode"},"sceneLighting":false,"audioPlay":false,"sceneViewState":{"m_AlwaysRefresh":false,"showFog":true,"showSkybox":false,"showFlares":true,"showImageEffects":true,"showParticleSystems":true,"showVisualEffectGraphs":true,"m_FxEnabled":true},"in2DMode":false,"pivot":{"x":0.05192980170249939,"y":2.3712830543518068,"z":-19.91407585144043},"rotation":{"x":0.015384911559522152,"y":0.729455828666687,"z":0.016415510326623918,"w":-0.6836576461791992},"size":1.1457023620605469,"orthographic":false}