{"cameraMode":{"drawMode":0,"name":"Shaded","section":"Shading Mode"},"sceneLighting":false,"audioPlay":false,"sceneViewState":{"m_AlwaysRefresh":false,"showFog":true,"showSkybox":false,"showFlares":true,"showImageEffects":true,"showParticleSystems":true,"showVisualEffectGraphs":true,"m_FxEnabled":true},"in2DMode":false,"pivot":{"x":1.5949214696884156,"y":-0.41708987951278689,"z":-17.04437828063965},"rotation":{"x":0.1419518142938614,"y":0.030286606401205064,"z":-0.004345303401350975,"w":0.98940110206604},"size":0.8327383399009705,"orthographic":false}