{"cameraMode":{"drawMode":0,"name":"Shaded","section":"Shading Mode"},"sceneLighting":false,"audioPlay":false,"sceneViewState":{"m_AlwaysRefresh":false,"showFog":true,"showSkybox":false,"showFlares":true,"showImageEffects":true,"showParticleSystems":true,"showVisualEffectGraphs":true,"m_FxEnabled":true},"in2DMode":false,"pivot":{"x":-0.43566060066223147,"y":5.815334320068359,"z":0.031177490949630739},"rotation":{"x":-0.09505587071180344,"y":0.6856516599655151,"z":-0.09103534370660782,"w":-0.715933084487915},"size":2.669975996017456,"orthographic":false}