{"cameraMode":{"drawMode":0,"name":"Shaded","section":"Shading Mode"},"sceneLighting":false,"audioPlay":false,"sceneViewState":{"m_AlwaysRefresh":false,"showFog":true,"showSkybox":false,"showFlares":true,"showImageEffects":true,"showParticleSystems":true,"showVisualEffectGraphs":true,"m_FxEnabled":true},"in2DMode":false,"pivot":{"x":0.13043667376041413,"y":-0.4011070728302002,"z":-0.48766767978668215},"rotation":{"x":0.09977982938289643,"y":-0.6464633941650391,"z":0.08583163470029831,"w":0.7515081167221069},"size":1.4221558570861817,"orthographic":false}